target,cohort,lane,scale,split_view,seed,model,rows,baseline_r2,baseline_mae,target_permutation_r2_mean,r2_minus_null
bulk_modulus,within_source_common,causal_common,full,row_random,11,ridge,13021,-0.0836707859908159,82139299.88790873,-0.8616516450745074,0.7779808590836915
bulk_modulus,within_source_common,causal_common,full,row_random,11,random_forest,13021,-40.26695628560703,62375351.72646232,-32.726147578266406,-7.540808707340624
bulk_modulus,within_source_common,causal_common,full,row_random,11,extra_trees,13021,-1.362535006991679,40544105.79441767,-12.236057007639866,10.873522000648189
bulk_modulus,within_source_common,causal_common,full,row_random,11,hist_gradient_boosting,13021,-0.0674330961756677,25746506.429675963,-0.5771346715986296,0.5097015754229619
bulk_modulus,within_source_common,causal_common,full,row_random,23,ridge,13021,-975.5589398996884,74197755.65868562,-3528.4296411940227,2552.870701294334
bulk_modulus,within_source_common,causal_common,full,row_random,23,random_forest,13021,-26486.15749591447,27467450.67009204,-480149.3647012842,453663.2072053698
bulk_modulus,within_source_common,causal_common,full,row_random,23,extra_trees,13021,-34629.51068711639,34099053.819773175,-233202.75997138143,198573.24928426504
bulk_modulus,within_source_common,causal_common,full,row_random,23,hist_gradient_boosting,13021,-11906.058587369822,60064723.01875279,-9355.43021665934,-2550.628370710483
bulk_modulus,within_source_common,causal_common,full,row_random,37,ridge,13021,-0.0550146264010811,82909311.24712755,-0.1712247951166185,0.1162101687155373
bulk_modulus,within_source_common,causal_common,full,row_random,37,random_forest,13021,-1.850280375999238,33487635.940769717,-23.189363491511696,21.33908311551246
bulk_modulus,within_source_common,causal_common,full,row_random,37,extra_trees,13021,-35.80780441066737,88122815.03535827,-13.569331711527733,-22.23847269913964
bulk_modulus,within_source_common,causal_common,full,row_random,37,hist_gradient_boosting,13021,-0.3180342934718647,60393356.97258708,-0.5773125363551764,0.2592782428833117
bulk_modulus,within_source_common,causal_common,full,reduced_composition_group,11,ridge,13021,-0.0164538737825528,86408803.21518229,-0.1333675015173494,0.1169136277347966
bulk_modulus,within_source_common,causal_common,full,reduced_composition_group,11,random_forest,13021,-1.2782418307159031,57213755.07036616,-12.096770827010182,10.81852899629428
bulk_modulus,within_source_common,causal_common,full,reduced_composition_group,11,extra_trees,13021,-3.396498907590604,67296816.68021944,-5.946503905421823,2.550004997831219
bulk_modulus,within_source_common,causal_common,full,reduced_composition_group,11,hist_gradient_boosting,13021,-0.436084348688611,79689205.57956469,-0.2297859128359863,-0.2062984358526246
bulk_modulus,within_source_common,causal_common,full,reduced_composition_group,23,ridge,13021,-0.0003764217614574,183538180.4007012,-0.0003900650430825,1.3643281625127168e-05
bulk_modulus,within_source_common,causal_common,full,reduced_composition_group,23,random_forest,13021,0.000163830068948,194130335.80477983,-0.0010166372585952,0.0011804673275433
bulk_modulus,within_source_common,causal_common,full,reduced_composition_group,23,extra_trees,13021,0.0003179024100173,186495780.1630233,-0.000565817374736,0.0008837197847534
bulk_modulus,within_source_common,causal_common,full,reduced_composition_group,23,hist_gradient_boosting,13021,0.0002360747977208,185023149.8346512,-0.0004081100519918,0.0006441848497126
bulk_modulus,within_source_common,causal_common,full,reduced_composition_group,37,ridge,13021,-0.3306068515148364,78732436.02226561,-0.8002703125622975,0.4696634610474611
bulk_modulus,within_source_common,causal_common,full,reduced_composition_group,37,random_forest,13021,-15.76643171632205,25589001.765964054,-178.3387379695058,162.57230625318377
bulk_modulus,within_source_common,causal_common,full,reduced_composition_group,37,extra_trees,13021,-15.850434974005388,53117913.22433571,-65.86059607881535,50.01016110480996
bulk_modulus,within_source_common,causal_common,full,reduced_composition_group,37,hist_gradient_boosting,13021,-5.560961092340952,66705605.823841706,-2.6865113254211463,-2.874449766919805
bulk_modulus,within_source_common,causal_common,full,chemical_system_group,11,ridge,13021,-0.4382585809971953,86041772.38176894,-0.6794831153002169,0.2412245343030216
bulk_modulus,within_source_common,causal_common,full,chemical_system_group,11,random_forest,13021,-6.282535253429158,35666816.76779511,-204.2685824934668,197.9860472400377
bulk_modulus,within_source_common,causal_common,full,chemical_system_group,11,extra_trees,13021,-28.25584087972276,81043942.31925264,-66.12977243725918,37.87393155753642
bulk_modulus,within_source_common,causal_common,full,chemical_system_group,11,hist_gradient_boosting,13021,-2.318821092975196,57720826.4856269,-2.369962086304468,0.0511409933292714
bulk_modulus,within_source_common,causal_common,full,chemical_system_group,23,ridge,13021,-0.0309417420325932,95134787.7103846,-0.0762168434357656,0.0452751014031723
bulk_modulus,within_source_common,causal_common,full,chemical_system_group,23,random_forest,13021,-8.870327920150539,124033055.1604496,-9.143000554015885,0.272672633865346
bulk_modulus,within_source_common,causal_common,full,chemical_system_group,23,extra_trees,13021,-4.413436435786164,84009483.81559272,-4.55756641205849,0.1441299762723265
bulk_modulus,within_source_common,causal_common,full,chemical_system_group,23,hist_gradient_boosting,13021,-0.1965325579063079,68577854.81229562,-0.1518488138706196,-0.0446837440356883
bulk_modulus,within_source_common,causal_common,full,chemical_system_group,37,ridge,13021,-0.0004404982338415,200164967.2792454,-0.0004326441834591,-7.854050382320287e-06
bulk_modulus,within_source_common,causal_common,full,chemical_system_group,37,random_forest,13021,0.0022886101730071,207763758.7570221,-0.0007028792475865,0.0029914894205937
bulk_modulus,within_source_common,causal_common,full,chemical_system_group,37,extra_trees,13021,-7.686593737132874e-05,203161533.70605987,-0.0007494680304572,0.0006726020930858
bulk_modulus,within_source_common,causal_common,full,chemical_system_group,37,hist_gradient_boosting,13021,-0.0004330984617235,197204310.0415105,-0.000443818307738,1.0719846014461954e-05
shear_modulus,maximum_coverage,predictive_target_specific,full,row_random,11,ridge,13028,-0.0057944699929892,18642571176.31045,-0.0081905506528582,0.0023960806598689
shear_modulus,maximum_coverage,predictive_target_specific,full,row_random,11,random_forest,13028,-0.0325418430159667,7439148286.068567,-0.51133337167319,0.4787915286572233
shear_modulus,maximum_coverage,predictive_target_specific,full,row_random,11,extra_trees,13028,-0.0883454228863251,10266527667.61511,-0.2390859525086597,0.1507405296223345
shear_modulus,maximum_coverage,predictive_target_specific,full,row_random,11,hist_gradient_boosting,13028,-0.014873387113488,11193848625.119053,-0.0142890215426127,-0.0005843655708752
shear_modulus,maximum_coverage,predictive_target_specific,full,row_random,23,ridge,13028,-245010585.99443823,12131520736.964075,-597490279.0626487,352479693.0682104
shear_modulus,maximum_coverage,predictive_target_specific,full,row_random,23,random_forest,13028,-9143816078.54182,4401531953.012323,-56829155159.86968,47685339081.32785
shear_modulus,maximum_coverage,predictive_target_specific,full,row_random,23,extra_trees,13028,-10940616126.05424,8248736366.191771,-15839604217.012163,4898988090.957924
shear_modulus,maximum_coverage,predictive_target_specific,full,row_random,23,hist_gradient_boosting,13028,-2514446679.9527016,7416428757.910721,-1050983583.1361572,-1463463096.8165443
shear_modulus,maximum_coverage,predictive_target_specific,full,row_random,37,ridge,13028,-1.2429451381705534,12871998294.961174,-2.5850447445175506,1.3420996063469972
shear_modulus,maximum_coverage,predictive_target_specific,full,row_random,37,random_forest,13028,-0.7612460893964779,936570507.677922,-225.99864220108023,225.23739611168375
shear_modulus,maximum_coverage,predictive_target_specific,full,row_random,37,extra_trees,13028,-67.86570435324408,8450660416.326705,-93.5904526758124,25.724748322568303
shear_modulus,maximum_coverage,predictive_target_specific,full,row_random,37,hist_gradient_boosting,13028,-10.575086270822103,7280938126.248525,-5.119160808266186,-5.455925462555919
shear_modulus,maximum_coverage,predictive_target_specific,full,reduced_composition_group,11,ridge,13028,-0.0004721464693975,23954130061.65922,-0.0005001459252953,2.7999455897835123e-05
shear_modulus,maximum_coverage,predictive_target_specific,full,reduced_composition_group,11,random_forest,13028,-0.0120929491634103,26713295351.974407,-0.0037699921875402,-0.00832295697587
shear_modulus,maximum_coverage,predictive_target_specific,full,reduced_composition_group,11,extra_trees,13028,-0.0009001918312794,22773616670.916546,-0.0027375396106339,0.0018373477793545
shear_modulus,maximum_coverage,predictive_target_specific,full,reduced_composition_group,11,hist_gradient_boosting,13028,-0.0005147649953174,23325312800.06764,-0.0004649681573345,-4.979683798285911e-05
shear_modulus,maximum_coverage,predictive_target_specific,full,reduced_composition_group,23,ridge,13028,-0.0004907413015537,25757133834.688183,-0.0005605730609767,6.983175942291509e-05
shear_modulus,maximum_coverage,predictive_target_specific,full,reduced_composition_group,23,random_forest,13028,-0.003630194273688,24964836804.69836,-0.005337808116639,0.0017076138429509
shear_modulus,maximum_coverage,predictive_target_specific,full,reduced_composition_group,23,extra_trees,13028,-0.000474964824024,24076872607.96836,-0.0020822614970484,0.0016072966730243
shear_modulus,maximum_coverage,predictive_target_specific,full,reduced_composition_group,23,hist_gradient_boosting,13028,-0.0003792992712412,23497133729.67377,-0.0004543812732314,7.50820019901862e-05
shear_modulus,maximum_coverage,predictive_target_specific,full,reduced_composition_group,37,ridge,13028,-418.9056495775861,12187576748.148045,-648.9119347443128,230.00628516672677
shear_modulus,maximum_coverage,predictive_target_specific,full,reduced_composition_group,37,random_forest,13028,-600856.8091196931,25988269712.91137,-107945.35880990242,-492911.4503097906
shear_modulus,maximum_coverage,predictive_target_specific,full,reduced_composition_group,37,extra_trees,13028,-26698.131602261725,10276581312.104984,-31583.479392720164,4885.34779045844
shear_modulus,maximum_coverage,predictive_target_specific,full,reduced_composition_group,37,hist_gradient_boosting,13028,-4563.704319029609,7137454061.011503,-1429.4038731687986,-3134.30044586081
shear_modulus,maximum_coverage,predictive_target_specific,full,chemical_system_group,11,ridge,13028,-0.0070818070921929,19164872491.85143,-0.0087759286896761,0.0016941215974831
shear_modulus,maximum_coverage,predictive_target_specific,full,chemical_system_group,11,random_forest,13028,-2.9712685184688152,22178117667.590843,-0.7076015941852958,-2.26366692428352
shear_modulus,maximum_coverage,predictive_target_specific,full,chemical_system_group,11,extra_trees,13028,-0.0427318071750324,10075961937.407969,-0.2251706740027526,0.1824388668277201
shear_modulus,maximum_coverage,predictive_target_specific,full,chemical_system_group,11,hist_gradient_boosting,13028,-0.0321558538103858,12323812018.465704,-0.0143446113225962,-0.0178112424877895
shear_modulus,maximum_coverage,predictive_target_specific,full,chemical_system_group,23,ridge,13028,-0.0069435140735625,19072368830.128983,-0.0071034056736739,0.0001598916001113
shear_modulus,maximum_coverage,predictive_target_specific,full,chemical_system_group,23,random_forest,13028,-3.301812363262247,22224000040.777924,-1.3502406836559964,-1.9515716796062503
shear_modulus,maximum_coverage,predictive_target_specific,full,chemical_system_group,23,extra_trees,13028,-2.2102675475885154,19806101635.188686,-0.4935382341298885,-1.7167293134586268
shear_modulus,maximum_coverage,predictive_target_specific,full,chemical_system_group,23,hist_gradient_boosting,13028,-0.0417810663096831,12811882392.322584,-0.016409314319176,-0.025371751990507
shear_modulus,maximum_coverage,predictive_target_specific,full,chemical_system_group,37,ridge,13028,-0.1536554738771478,12516958231.288944,-0.2724221667673703,0.1187666928902224
shear_modulus,maximum_coverage,predictive_target_specific,full,chemical_system_group,37,random_forest,13028,-0.3206153673386738,1819944577.8223755,-25.118725980394643,24.798110613055968
shear_modulus,maximum_coverage,predictive_target_specific,full,chemical_system_group,37,extra_trees,13028,-0.5470321437164625,3697849782.792579,-8.232248516772419,7.685216373055956
shear_modulus,maximum_coverage,predictive_target_specific,full,chemical_system_group,37,hist_gradient_boosting,13028,-0.2952229550047565,4962382163.708196,-0.5513175554211064,0.2560946004163499
bulk_modulus,maximum_coverage,causal_common,full,row_random,11,ridge,13028,-0.0835887305316351,82059960.48845108,-0.3010249174917522,0.217436186960117
bulk_modulus,maximum_coverage,causal_common,full,row_random,11,random_forest,13028,-40.206115974761225,57079762.55949944,-22.652456160734527,-17.553659814026698
bulk_modulus,maximum_coverage,causal_common,full,row_random,11,extra_trees,13028,-2.0101483858744214,45733395.89827197,-13.696883503505804,11.686735117631384
bulk_modulus,maximum_coverage,causal_common,full,row_random,11,hist_gradient_boosting,13028,-0.4130478837156319,56997289.40082117,-0.6900464746819087,0.2769985909662767
bulk_modulus,maximum_coverage,causal_common,full,row_random,23,ridge,13028,-974.2764341793512,74150980.80007742,-2546.481812687021,1572.2053785076696
bulk_modulus,maximum_coverage,causal_common,full,row_random,23,random_forest,13028,-72366.08338601363,42832092.71928896,-680495.7568336012,608129.6734475875
bulk_modulus,maximum_coverage,causal_common,full,row_random,23,extra_trees,13028,-27786.41302845692,28810643.2147198,-209432.06519318468,181645.65216472777
bulk_modulus,maximum_coverage,causal_common,full,row_random,23,hist_gradient_boosting,13028,-16266.492550561685,63913765.16331242,-10562.58310938086,-5703.909441180824
bulk_modulus,maximum_coverage,causal_common,full,row_random,37,ridge,13028,-0.0551566426017708,82933272.93452996,-0.1911965981161603,0.1360399555143894
bulk_modulus,maximum_coverage,causal_common,full,row_random,37,random_forest,13028,-3.973054916601402,37743565.34454367,-38.28688909260676,34.31383417600536
bulk_modulus,maximum_coverage,causal_common,full,row_random,37,extra_trees,13028,-34.53780595723233,88889962.08085191,-11.65818799172058,-22.87961796551175
bulk_modulus,maximum_coverage,causal_common,full,row_random,37,hist_gradient_boosting,13028,-0.328946622377795,60434355.33091717,-0.6477017322862293,0.3187551099084342
bulk_modulus,maximum_coverage,causal_common,full,reduced_composition_group,11,ridge,13028,-0.0164275328775524,86309798.63184164,-0.152002669091374,0.1355751362138215
bulk_modulus,maximum_coverage,causal_common,full,reduced_composition_group,11,random_forest,13028,-0.5818962526606708,42726504.74481052,-11.377913592715892,10.79601734005522
bulk_modulus,maximum_coverage,causal_common,full,reduced_composition_group,11,extra_trees,13028,-1.7647780582160646,58428101.3513127,-3.6136880319650713,1.848909973749007
bulk_modulus,maximum_coverage,causal_common,full,reduced_composition_group,11,hist_gradient_boosting,13028,-0.3650099123374772,75555676.43590759,-0.2168645975967803,-0.1481453147406969
bulk_modulus,maximum_coverage,causal_common,full,reduced_composition_group,23,ridge,13028,-0.0003764056774269,183534130.81749907,-0.0003898672595975,1.346158217063742e-05
bulk_modulus,maximum_coverage,causal_common,full,reduced_composition_group,23,random_forest,13028,0.0051373060814982,193521716.0136158,-0.0008230956577561,0.0059604017392543
bulk_modulus,maximum_coverage,causal_common,full,reduced_composition_group,23,extra_trees,13028,0.0003924100416149,186603195.5376548,-0.0006449489252067,0.0010373589668217
bulk_modulus,maximum_coverage,causal_common,full,reduced_composition_group,23,hist_gradient_boosting,13028,0.0010652720282625,185070065.3511676,-0.0003855480967546,0.0014508201250171
bulk_modulus,maximum_coverage,causal_common,full,reduced_composition_group,37,ridge,13028,-0.330029435169328,78676183.64886755,-0.8622997313441189,0.5322702961747908
bulk_modulus,maximum_coverage,causal_common,full,reduced_composition_group,37,random_forest,13028,-3.43015143559235,20406710.32504831,-176.98657763484587,173.5564261992535
bulk_modulus,maximum_coverage,causal_common,full,reduced_composition_group,37,extra_trees,13028,-25.62609527606877,60079433.94913699,-56.4394356961426,30.81334042007382
bulk_modulus,maximum_coverage,causal_common,full,reduced_composition_group,37,hist_gradient_boosting,13028,-6.761380563404578,66568788.52156784,-3.3158826211169314,-3.4454979422876466
bulk_modulus,maximum_coverage,causal_common,full,chemical_system_group,11,ridge,13028,-0.439093396692457,86075540.45984304,-1.1825842056339038,0.7434908089414467
bulk_modulus,maximum_coverage,causal_common,full,chemical_system_group,11,random_forest,13028,-7.12441806116977,28271888.219992816,-172.20348285119152,165.07906479002176
bulk_modulus,maximum_coverage,causal_common,full,chemical_system_group,11,extra_trees,13028,-26.53237138309313,76224916.47787309,-63.64946021661868,37.11708883352554
bulk_modulus,maximum_coverage,causal_common,full,chemical_system_group,11,hist_gradient_boosting,13028,-2.3592161967553102,62322268.500810735,-2.7030826394098773,0.343866442654567
bulk_modulus,maximum_coverage,causal_common,full,chemical_system_group,23,ridge,13028,-0.0308934178859661,95061369.83417228,-0.1223167651375507,0.0914233472515846
bulk_modulus,maximum_coverage,causal_common,full,chemical_system_group,23,random_forest,13028,-13.110337787962155,148490462.48708174,-10.797631571825866,-2.3127062161362897
bulk_modulus,maximum_coverage,causal_common,full,chemical_system_group,23,extra_trees,13028,-2.968539335809588,74439560.69218963,-6.449896875609607,3.481357539800019
bulk_modulus,maximum_coverage,causal_common,full,chemical_system_group,23,hist_gradient_boosting,13028,-0.1421204099950612,68315427.79496746,-0.1464765296676915,0.0043561196726302
bulk_modulus,maximum_coverage,causal_common,full,chemical_system_group,37,ridge,13028,-0.0004404446183086,200158125.55879933,-0.0004430117537975,2.567135488954831e-06
bulk_modulus,maximum_coverage,causal_common,full,chemical_system_group,37,random_forest,13028,-0.0002522381197451,205195789.8638806,-0.0009707106906374,0.0007184725708923
bulk_modulus,maximum_coverage,causal_common,full,chemical_system_group,37,extra_trees,13028,-8.431456648572144e-05,202713051.3766735,-0.0006115843260274,0.0005272697595417
bulk_modulus,maximum_coverage,causal_common,full,chemical_system_group,37,hist_gradient_boosting,13028,0.0007721868337354,198919516.7266868,-0.0004002839733101,0.0011724708070456
shear_modulus,within_source_common,causal_common,full,row_random,11,ridge,13021,-0.0038011010766105,16099841000.76161,-0.0091914782921931,0.0053903772155825
shear_modulus,within_source_common,causal_common,full,row_random,11,random_forest,13021,-0.0408810377711885,7501575627.371515,-0.8520017409497681,0.8111207031785795
shear_modulus,within_source_common,causal_common,full,row_random,11,extra_trees,13021,-0.1314760281607432,10560516291.167898,-0.6147679998452081,0.4832919716844649
shear_modulus,within_source_common,causal_common,full,row_random,11,hist_gradient_boosting,13021,-0.014970205005327,11201171126.991262,-0.0181793097282988,0.0032091047229717
shear_modulus,within_source_common,causal_common,full,row_random,23,ridge,13021,-207143586.5024112,10749369504.197811,-380110648.6516454,172967062.14923424
shear_modulus,within_source_common,causal_common,full,row_random,23,random_forest,13021,-9931727056.375109,4237111197.3606353,-62127270063.63953,52195543007.26442
shear_modulus,within_source_common,causal_common,full,row_random,23,extra_trees,13021,-9216860279.730503,7547281194.27983,-35431393832.31395,26214533552.583443
shear_modulus,within_source_common,causal_common,full,row_random,23,hist_gradient_boosting,13021,-2138049845.401744,7195787204.187312,-917371153.206816,-1220678692.1949277
shear_modulus,within_source_common,causal_common,full,row_random,37,ridge,13021,-0.9884294767285232,11040244701.832712,-2.929929268956457,1.9414997922279336
shear_modulus,within_source_common,causal_common,full,row_random,37,random_forest,13021,-0.365280296286613,694844830.946248,-328.2515449764222,327.88626468013564
shear_modulus,within_source_common,causal_common,full,row_random,37,extra_trees,13021,-54.00729754031128,7741846486.924891,-121.53368816505976,67.52639062474847
shear_modulus,within_source_common,causal_common,full,row_random,37,hist_gradient_boosting,13021,-10.067177557995375,7161389807.792136,-4.5615097975395535,-5.505667760455824
shear_modulus,within_source_common,causal_common,full,reduced_composition_group,11,ridge,13021,-0.0004061314648202,23647984251.870792,-0.0004454314299032,3.929996508300615e-05
shear_modulus,within_source_common,causal_common,full,reduced_composition_group,11,random_forest,13021,-0.0106791037718294,26585416061.144592,-0.0023301366401196,-0.0083489671317097
shear_modulus,within_source_common,causal_common,full,reduced_composition_group,11,extra_trees,13021,-0.0009546314524988,22808890159.30439,-0.0015122414680046,0.0005576100155057
shear_modulus,within_source_common,causal_common,full,reduced_composition_group,11,hist_gradient_boosting,13021,-0.0004649930730447,22879616753.1953,-0.000457032024504,-7.961048540683368e-06
shear_modulus,within_source_common,causal_common,full,reduced_composition_group,23,ridge,13021,-0.0004122575815597,25155465359.516777,-0.0004707892174216,5.853163586193587e-05
shear_modulus,within_source_common,causal_common,full,reduced_composition_group,23,random_forest,13021,-0.0028491319145509,24832797111.318916,-0.0036225806302725,0.0007734487157215
shear_modulus,within_source_common,causal_common,full,reduced_composition_group,23,extra_trees,13021,-0.0006860910520114,24367966485.26359,-0.0012789299222087,0.0005928388701972
shear_modulus,within_source_common,causal_common,full,reduced_composition_group,23,hist_gradient_boosting,13021,-0.0004585524695075,24817482258.459343,-0.0004515716372204,-6.980832287103078e-06
shear_modulus,within_source_common,causal_common,full,reduced_composition_group,37,ridge,13021,-358.4239647034365,10708755907.123114,-531.5492105319067,173.1252458284702
shear_modulus,within_source_common,causal_common,full,reduced_composition_group,37,random_forest,13021,-581166.4832307769,26123850885.91192,-84099.91446160707,-497066.5687691698
shear_modulus,within_source_common,causal_common,full,reduced_composition_group,37,extra_trees,13021,-16302.830260656428,8006631900.826603,-57771.78927222385,41468.95901156742
shear_modulus,within_source_common,causal_common,full,reduced_composition_group,37,hist_gradient_boosting,13021,-4431.855811858174,7340092745.668531,-1667.6855368065037,-2764.1702750516706
shear_modulus,within_source_common,causal_common,full,chemical_system_group,11,ridge,13021,-0.0049656406479297,16782472474.714657,-0.0067305342729603,0.0017648936250306
shear_modulus,within_source_common,causal_common,full,chemical_system_group,11,random_forest,13021,-3.8355298962693896,24277909792.86877,-0.8998043215477726,-2.935725574721617
shear_modulus,within_source_common,causal_common,full,chemical_system_group,11,extra_trees,13021,-0.0347846663263966,9570371962.378702,-0.3209338104114547,0.2861491440850581
shear_modulus,within_source_common,causal_common,full,chemical_system_group,11,hist_gradient_boosting,13021,-0.0121793623625197,11464733703.365768,-0.0141581522269401,0.0019787898644204
shear_modulus,within_source_common,causal_common,full,chemical_system_group,23,ridge,13021,-0.0047620251298432,16404058953.434216,-0.0072721641925617,0.0025101390627184
shear_modulus,within_source_common,causal_common,full,chemical_system_group,23,random_forest,13021,-3.1692786535185835,21586861573.304047,-1.10090387997939,-2.068374773539193
shear_modulus,within_source_common,causal_common,full,chemical_system_group,23,extra_trees,13021,-1.7119093598298625,18568839190.683426,-0.5484987964065877,-1.1634105634232743
shear_modulus,within_source_common,causal_common,full,chemical_system_group,23,hist_gradient_boosting,13021,-0.0275555555273867,12724308802.303598,-0.0152777798611646,-0.0122777756662221
shear_modulus,within_source_common,causal_common,full,chemical_system_group,37,ridge,13021,-0.13050544451718,11204509371.482157,-0.2096725987061206,0.0791671541889405
shear_modulus,within_source_common,causal_common,full,chemical_system_group,37,random_forest,13021,-0.2486244402993289,1743365190.3822243,-34.98237999795878,34.73375555765945
shear_modulus,within_source_common,causal_common,full,chemical_system_group,37,extra_trees,13021,-2.752241724139016,4817778152.136628,-9.856761707820896,7.10451998368188
shear_modulus,within_source_common,causal_common,full,chemical_system_group,37,hist_gradient_boosting,13021,-0.6093157096714128,5883742302.858187,-0.4923071134725537,-0.1170085961988591
shear_modulus,maximum_coverage,causal_common,full,row_random,11,ridge,13028,-0.0037956908503089,16078562383.995678,-0.0055561244344161,0.0017604335841071
shear_modulus,maximum_coverage,causal_common,full,row_random,11,random_forest,13028,-0.0325417974915644,7438549480.756762,-0.7198405007079011,0.6872987032163366
shear_modulus,maximum_coverage,causal_common,full,row_random,11,extra_trees,13028,-0.1139493744831872,10510633529.960516,-0.3283615053064944,0.2144121308233072
shear_modulus,maximum_coverage,causal_common,full,row_random,11,hist_gradient_boosting,13028,-0.0148751671163454,11195431785.468668,-0.0155878208363197,0.0007126537199743
shear_modulus,maximum_coverage,causal_common,full,row_random,23,ridge,13028,-206859632.703829,10735292155.789192,-469307253.8292618,262447621.12543285
shear_modulus,maximum_coverage,causal_common,full,row_random,23,random_forest,13028,-9147210095.330809,4417118660.331207,-55929200093.85023,46781989998.519424
shear_modulus,maximum_coverage,causal_common,full,row_random,23,extra_trees,13028,-7774121212.086629,7404347712.037636,-20605095015.46701,12830973803.380386
shear_modulus,maximum_coverage,causal_common,full,row_random,23,hist_gradient_boosting,13028,-2534701350.324507,7333641862.625939,-1056529679.6374562,-1478171670.687051
shear_modulus,maximum_coverage,causal_common,full,row_random,37,ridge,13028,-0.9902012854549262,11045163793.268017,-1.8946791381552384,0.9044778527003124
shear_modulus,maximum_coverage,causal_common,full,row_random,37,random_forest,13028,-0.7586783538434079,918768155.9393111,-249.7467858752612,248.9881075214178
shear_modulus,maximum_coverage,causal_common,full,row_random,37,extra_trees,13028,-95.14718036551471,10283653758.918833,-133.2566513109786,38.1094709454639
shear_modulus,maximum_coverage,causal_common,full,row_random,37,hist_gradient_boosting,13028,-10.532244254759338,7154244516.5858345,-4.688739265442036,-5.843504989317301
shear_modulus,maximum_coverage,causal_common,full,reduced_composition_group,11,ridge,13028,-0.0004057734944353,23622521296.607384,-0.000468816440814,6.304294637865895e-05
shear_modulus,maximum_coverage,causal_common,full,reduced_composition_group,11,random_forest,13028,-0.0120935237371497,26726861068.564854,-0.0045727097288548,-0.0075208140082949
shear_modulus,maximum_coverage,causal_common,full,reduced_composition_group,11,extra_trees,13028,-0.0008883949994897,22724373368.58498,-0.0019068775843571,0.0010184825848673
shear_modulus,maximum_coverage,causal_common,full,reduced_composition_group,11,hist_gradient_boosting,13028,-0.0005078556346418,23004234485.328327,-0.0004741605424526,-3.3695092189178744e-05
shear_modulus,maximum_coverage,causal_common,full,reduced_composition_group,23,ridge,13028,-0.0004121559017642,25154190000.178787,-0.0005210393599684,0.0001088834582042
shear_modulus,maximum_coverage,causal_common,full,reduced_composition_group,23,random_forest,13028,-0.0036319128799637,24966437322.431057,-0.0044898517590154,0.0008579388790516
shear_modulus,maximum_coverage,causal_common,full,reduced_composition_group,23,extra_trees,13028,-0.0005771673937524,24252330933.04435,-0.0020142398706461,0.0014370724768937
shear_modulus,maximum_coverage,causal_common,full,reduced_composition_group,23,hist_gradient_boosting,13028,-0.0003795286796703,23489053937.15094,-0.0004539638927849,7.443521311458016e-05
shear_modulus,maximum_coverage,causal_common,full,reduced_composition_group,37,ridge,13028,-357.9240560497085,10695685475.316254,-494.1405925600346,136.21653651032608
shear_modulus,maximum_coverage,causal_common,full,reduced_composition_group,37,random_forest,13028,-600861.2795013353,25959900712.934097,-111807.50417227292,-489053.7753290624
shear_modulus,maximum_coverage,causal_common,full,reduced_composition_group,37,extra_trees,13028,-20375.651788988187,7953217999.148706,-35699.51561829458,15323.863829306392
shear_modulus,maximum_coverage,causal_common,full,reduced_composition_group,37,hist_gradient_boosting,13028,-4580.970689222616,7032670571.670866,-1664.2254924570657,-2916.74519676555
shear_modulus,maximum_coverage,causal_common,full,chemical_system_group,11,ridge,13028,-0.0049757198973428,16792585283.622429,-0.0070506000268728,0.00207488012953
shear_modulus,maximum_coverage,causal_common,full,chemical_system_group,11,random_forest,13028,-2.9712945253453538,22182779390.93541,-0.7190033590816273,-2.2522911662637264
shear_modulus,maximum_coverage,causal_common,full,chemical_system_group,11,extra_trees,13028,-0.0388815686982075,9992644393.652224,-0.2005920296578986,0.161710460959691
shear_modulus,maximum_coverage,causal_common,full,chemical_system_group,11,hist_gradient_boosting,13028,-0.032155631548514,12318595299.757471,-0.0172007468966781,-0.0149548846518359
shear_modulus,maximum_coverage,causal_common,full,chemical_system_group,23,ridge,13028,-0.0047538251567473,16387208020.844936,-0.0054989293211944,0.000745104164447
shear_modulus,maximum_coverage,causal_common,full,chemical_system_group,23,random_forest,13028,-3.301817512745438,22219394825.50587,-1.2309634937687297,-2.0708540189767084
shear_modulus,maximum_coverage,causal_common,full,chemical_system_group,23,extra_trees,13028,-1.6050583387129334,19551304190.74249,-0.486136438457493,-1.1189219002554402
shear_modulus,maximum_coverage,causal_common,full,chemical_system_group,23,hist_gradient_boosting,13028,-0.0417815120765492,12814807109.135468,-0.0177302821859663,-0.0240512298905828
shear_modulus,maximum_coverage,causal_common,full,chemical_system_group,37,ridge,13028,-0.1302538693298964,11187105999.005068,-0.1890756530840639,0.0588217837541674
shear_modulus,maximum_coverage,causal_common,full,chemical_system_group,37,random_forest,13028,-0.3193357664923169,1801486922.3558643,-26.15280770085405,25.833471934361736
shear_modulus,maximum_coverage,causal_common,full,chemical_system_group,37,extra_trees,13028,-2.1892299021797705,4652730439.499179,-6.911753305954465,4.722523403774694
shear_modulus,maximum_coverage,causal_common,full,chemical_system_group,37,hist_gradient_boosting,13028,-0.3048287477054401,4988733249.974877,-0.475336797874934,0.1705080501694938
bulk_modulus,within_source_common,predictive_target_specific,full,row_random,11,ridge,13021,-0.1271213507608568,101366612.5014562,-0.9705668202689676,0.8434454695081106
bulk_modulus,within_source_common,predictive_target_specific,full,row_random,11,random_forest,13021,-40.30259420661516,68760399.11835547,-39.00354634577735,-1.2990478608378169
bulk_modulus,within_source_common,predictive_target_specific,full,row_random,11,extra_trees,13021,-0.4278990592430367,36409297.57506082,-7.864256993390769,7.436357934147733
bulk_modulus,within_source_common,predictive_target_specific,full,row_random,11,hist_gradient_boosting,13021,-0.0426636146283925,22523474.138534352,-0.6590545935702495,0.616390978941857
bulk_modulus,within_source_common,predictive_target_specific,full,row_random,23,ridge,13021,-1375.03495587751,90863447.03842951,-4299.755826306515,2924.720870429005
bulk_modulus,within_source_common,predictive_target_specific,full,row_random,23,random_forest,13021,-32644.43820778172,30909555.069521025,-533177.4792042879,500533.04099650617
bulk_modulus,within_source_common,predictive_target_specific,full,row_random,23,extra_trees,13021,-17151.85858905051,40255945.854159445,-228955.178124076,211803.3195350255
bulk_modulus,within_source_common,predictive_target_specific,full,row_random,23,hist_gradient_boosting,13021,-11906.054230262202,60062288.37094286,-9146.0574193498,-2759.9968109124
bulk_modulus,within_source_common,predictive_target_specific,full,row_random,37,ridge,13021,-0.0899268629999916,100795014.08893137,-0.2399904565204861,0.1500635935204945
bulk_modulus,within_source_common,predictive_target_specific,full,row_random,37,random_forest,13021,-2.416727195346217,45673387.06802844,-24.358878021377468,21.94215082603125
bulk_modulus,within_source_common,predictive_target_specific,full,row_random,37,extra_trees,13021,-29.59289361827065,80161704.68561766,-8.967426285170953,-20.6254673330997
bulk_modulus,within_source_common,predictive_target_specific,full,row_random,37,hist_gradient_boosting,13021,-0.3167762433329693,60319202.70633956,-0.5575992875770943,0.240823044244125
bulk_modulus,within_source_common,predictive_target_specific,full,reduced_composition_group,11,ridge,13021,-0.0312445432950332,107969794.34824084,-0.1710032564623014,0.1397587131672682
bulk_modulus,within_source_common,predictive_target_specific,full,reduced_composition_group,11,random_forest,13021,-0.8821959562968895,51944247.79785349,-13.046131671071729,12.163935714774835
bulk_modulus,within_source_common,predictive_target_specific,full,reduced_composition_group,11,extra_trees,13021,-4.439343506019587,91524543.56561822,-6.433650249882275,1.994306743862688
bulk_modulus,within_source_common,predictive_target_specific,full,reduced_composition_group,11,hist_gradient_boosting,13021,-0.4334769089919918,79619923.33695287,-0.2464257106604146,-0.1870511983315772
bulk_modulus,within_source_common,predictive_target_specific,full,reduced_composition_group,23,ridge,13021,-0.0003660941033269,186332442.0329561,-0.0003911457037784,2.505160045148297e-05
bulk_modulus,within_source_common,predictive_target_specific,full,reduced_composition_group,23,random_forest,13021,0.0009206546025154,194017924.16373783,-0.0009454235682172,0.0018660781707326
bulk_modulus,within_source_common,predictive_target_specific,full,reduced_composition_group,23,extra_trees,13021,-0.0004357023733909,187344416.05442175,-0.000657285117675,0.0002215827442841
bulk_modulus,within_source_common,predictive_target_specific,full,reduced_composition_group,23,hist_gradient_boosting,13021,-0.0001717777586667,185154674.4424907,-0.0004118742614265,0.0002400965027597
bulk_modulus,within_source_common,predictive_target_specific,full,reduced_composition_group,37,ridge,13021,-0.4771720416156864,96514059.21119042,-1.197819161127494,0.7206471195118076
bulk_modulus,within_source_common,predictive_target_specific,full,reduced_composition_group,37,random_forest,13021,-11.04348477042438,29526564.57086535,-164.35578136616965,153.31229659574527
bulk_modulus,within_source_common,predictive_target_specific,full,reduced_composition_group,37,extra_trees,13021,-5.59169281067737,42322971.376979,-46.3959530448436,40.80426023416622
bulk_modulus,within_source_common,predictive_target_specific,full,reduced_composition_group,37,hist_gradient_boosting,13021,-5.5660361840777375,66666198.17987552,-2.3980043579059847,-3.168031826171753
bulk_modulus,within_source_common,predictive_target_specific,full,chemical_system_group,11,ridge,13021,-0.5491894226580385,103159609.86537851,-0.9487991273036336,0.3996097046455951
bulk_modulus,within_source_common,predictive_target_specific,full,chemical_system_group,11,random_forest,13021,-4.324024279775887,31318791.985331208,-197.60000773726836,193.27598345749243
bulk_modulus,within_source_common,predictive_target_specific,full,chemical_system_group,11,extra_trees,13021,-30.81666215246144,66727390.25533864,-38.22863326331218,7.411971110850747
bulk_modulus,within_source_common,predictive_target_specific,full,chemical_system_group,11,hist_gradient_boosting,13021,-2.319976870345195,57938446.64598278,-2.438726170176716,0.1187492998315207
bulk_modulus,within_source_common,predictive_target_specific,full,chemical_system_group,23,ridge,13021,-0.0381792999818491,112579712.33789311,-0.0985995896894093,0.0604202897075602
bulk_modulus,within_source_common,predictive_target_specific,full,chemical_system_group,23,random_forest,13021,-8.26244846249476,129749153.0951216,-9.351589066322088,1.089140603827328
bulk_modulus,within_source_common,predictive_target_specific,full,chemical_system_group,23,extra_trees,13021,-2.4117682708234445,69477566.33139382,-3.0112550050430413,0.5994867342195969
bulk_modulus,within_source_common,predictive_target_specific,full,chemical_system_group,23,hist_gradient_boosting,13021,-0.1964963152478962,68520904.47469266,-0.1450824286055366,-0.0514138866423596
bulk_modulus,within_source_common,predictive_target_specific,full,chemical_system_group,37,ridge,13021,-0.000438392172487,201933291.708775,-0.0004328662593801,-5.525913106985136e-06
bulk_modulus,within_source_common,predictive_target_specific,full,chemical_system_group,37,random_forest,13021,0.0022424961838566,207764015.5453628,-0.0006772805600942,0.0029197767439508
bulk_modulus,within_source_common,predictive_target_specific,full,chemical_system_group,37,extra_trees,13021,-0.0005136516447887,204160067.2202622,-0.0007453970703696,0.0002317454255809
bulk_modulus,within_source_common,predictive_target_specific,full,chemical_system_group,37,hist_gradient_boosting,13021,-0.0004330748726582,197442338.46722895,-0.0004386902886914,5.615416033292553e-06
bulk_modulus,maximum_coverage,predictive_target_specific,full,row_random,11,ridge,13028,-0.1266114173875012,101187976.90317936,-0.4456810321194716,0.3190696147319704
bulk_modulus,maximum_coverage,predictive_target_specific,full,row_random,11,random_forest,13028,-40.45510512653908,64876541.85289112,-30.671538920878085,-9.783566205660996
bulk_modulus,maximum_coverage,predictive_target_specific,full,row_random,11,extra_trees,13028,-0.6199324201339538,35996618.03205514,-18.9900444214028,18.370112001268843
bulk_modulus,maximum_coverage,predictive_target_specific,full,row_random,11,hist_gradient_boosting,13028,-0.4124195552502374,57128898.288125545,-0.7264777390908855,0.3140581838406481
bulk_modulus,maximum_coverage,predictive_target_specific,full,row_random,23,ridge,13028,-1369.0015943854476,90684908.14451195,-3757.462913980516,2388.4613195950687
bulk_modulus,maximum_coverage,predictive_target_specific,full,row_random,23,random_forest,13028,-52294.40328241799,40684946.50750984,-657257.7118701264,604963.3085877084
bulk_modulus,maximum_coverage,predictive_target_specific,full,row_random,23,extra_trees,13028,-22010.60219446569,39913084.25718265,-176723.77153246937,154713.16933800367
bulk_modulus,maximum_coverage,predictive_target_specific,full,row_random,23,hist_gradient_boosting,13028,-16277.733896122514,63863287.93522578,-9575.117278734177,-6702.6166173883375
bulk_modulus,maximum_coverage,predictive_target_specific,full,row_random,37,ridge,13028,-0.0905293269566918,100918471.15293464,-0.2437984569996273,0.1532691300429355
bulk_modulus,maximum_coverage,predictive_target_specific,full,row_random,37,random_forest,13028,-4.542744240191564,48613974.04082532,-28.69951827239417,24.156774032202605
bulk_modulus,maximum_coverage,predictive_target_specific,full,row_random,37,extra_trees,13028,-24.36542354705928,72218981.20275141,-11.716128129991748,-12.649295417067528
bulk_modulus,maximum_coverage,predictive_target_specific,full,row_random,37,hist_gradient_boosting,13028,-0.3277968101560298,60362214.54697463,-0.5676069651086997,0.2398101549526698
bulk_modulus,maximum_coverage,predictive_target_specific,full,reduced_composition_group,11,ridge,13028,-0.0308543087151127,107623549.33150546,-0.1719728273612713,0.1411185186461585
bulk_modulus,maximum_coverage,predictive_target_specific,full,reduced_composition_group,11,random_forest,13028,-0.4699548118096073,39545283.72899635,-9.44941076462456,8.979455952814952
bulk_modulus,maximum_coverage,predictive_target_specific,full,reduced_composition_group,11,extra_trees,13028,-4.080811817446631,87002664.87730387,-2.6378540688462757,-1.4429577486003555
bulk_modulus,maximum_coverage,predictive_target_specific,full,reduced_composition_group,11,hist_gradient_boosting,13028,-0.3638237364346546,75403031.5358327,-0.2292629313700378,-0.1345608050646167
bulk_modulus,maximum_coverage,predictive_target_specific,full,reduced_composition_group,23,ridge,13028,-0.0003655552311492,186301742.59367707,-0.0003941466210065,2.859138985729831e-05
bulk_modulus,maximum_coverage,predictive_target_specific,full,reduced_composition_group,23,random_forest,13028,0.0055009353715645,192770015.40931195,-0.0008311831870706,0.0063321185586352
bulk_modulus,maximum_coverage,predictive_target_specific,full,reduced_composition_group,23,extra_trees,13028,-0.0003716719674893,187453189.93719563,-0.0006504207457355,0.0002787487782461
bulk_modulus,maximum_coverage,predictive_target_specific,full,reduced_composition_group,23,hist_gradient_boosting,13028,0.0011408109574567,184316772.20386136,-0.0003881171612749,0.0015289281187316
bulk_modulus,maximum_coverage,predictive_target_specific,full,reduced_composition_group,37,ridge,13028,-0.4743636576707823,96293364.7581908,-1.1493554655892142,0.6749918079184318
bulk_modulus,maximum_coverage,predictive_target_specific,full,reduced_composition_group,37,random_forest,13028,-4.545924784686142,25714189.911199145,-141.89348745625006,137.3475626715639
bulk_modulus,maximum_coverage,predictive_target_specific,full,reduced_composition_group,37,extra_trees,13028,-5.657299453350645,44671053.19510008,-40.13271910970413,34.47541965635348
bulk_modulus,maximum_coverage,predictive_target_specific,full,reduced_composition_group,37,hist_gradient_boosting,13028,-6.762595337214384,66489747.074429736,-3.23867192074763,-3.523923416466753
bulk_modulus,maximum_coverage,predictive_target_specific,full,chemical_system_group,11,ridge,13028,-0.5541908353252627,103450162.06885518,-1.4881326307524527,0.93394179542719
bulk_modulus,maximum_coverage,predictive_target_specific,full,chemical_system_group,11,random_forest,13028,-9.653789627761066,30662463.01152045,-138.00531310065043,128.3515234728894
bulk_modulus,maximum_coverage,predictive_target_specific,full,chemical_system_group,11,extra_trees,13028,-16.06465047391161,55607869.18627267,-45.26198221687909,29.19733174296748
bulk_modulus,maximum_coverage,predictive_target_specific,full,chemical_system_group,11,hist_gradient_boosting,13028,-2.400739310253585,62635603.12465535,-2.3270125112973856,-0.0737267989561996
bulk_modulus,maximum_coverage,predictive_target_specific,full,chemical_system_group,23,ridge,13028,-0.0379471646417464,112315774.38390478,-0.1373452822951206,0.0993981176533742
bulk_modulus,maximum_coverage,predictive_target_specific,full,chemical_system_group,23,random_forest,13028,-15.321044101089154,167078064.475433,-9.512931263949962,-5.808112837139191
bulk_modulus,maximum_coverage,predictive_target_specific,full,chemical_system_group,23,extra_trees,13028,-2.395385107613247,71341416.42836359,-5.67390916940491,3.278524061791663
bulk_modulus,maximum_coverage,predictive_target_specific,full,chemical_system_group,23,hist_gradient_boosting,13028,-0.1416486085533204,67988029.7893772,-0.1366791447330912,-0.0049694638202291
bulk_modulus,maximum_coverage,predictive_target_specific,full,chemical_system_group,37,ridge,13028,-0.0004376547788784,201876718.7553468,-0.0004475674311811,9.912652302708968e-06
bulk_modulus,maximum_coverage,predictive_target_specific,full,chemical_system_group,37,random_forest,13028,-4.268092426062964e-05,204616594.58390188,-0.0011349544381263,0.0010922735138657
bulk_modulus,maximum_coverage,predictive_target_specific,full,chemical_system_group,37,extra_trees,13028,-0.0005594868883838,204586326.27432853,-0.0006129018868903,5.3414998506555e-05
bulk_modulus,maximum_coverage,predictive_target_specific,full,chemical_system_group,37,hist_gradient_boosting,13028,0.0005861398258357,199456400.33199823,-0.0004002598832339,0.0009863997090697
shear_modulus,within_source_common,predictive_target_specific,full,row_random,11,ridge,13021,-0.0057971813145436,18651830125.9721,-0.0109815260654734,0.0051843447509297
shear_modulus,within_source_common,predictive_target_specific,full,row_random,11,random_forest,13021,-0.040879924357092,7499688612.712119,-0.8661835663594427,0.8253036420023506
shear_modulus,within_source_common,predictive_target_specific,full,row_random,11,extra_trees,13021,-0.0777928401304328,9584187758.6922,-0.6242387258595196,0.5464458857290867
shear_modulus,within_source_common,predictive_target_specific,full,row_random,11,hist_gradient_boosting,13021,-0.0149687745118123,11201660859.04805,-0.0167067086196285,0.0017379341078162
shear_modulus,within_source_common,predictive_target_specific,full,row_random,23,ridge,13021,-245142395.3382057,12136277091.156204,-468009315.4466825,222866920.1084768
shear_modulus,within_source_common,predictive_target_specific,full,row_random,23,random_forest,13021,-9928333310.216673,4239828860.01244,-60749665196.1527,50821331885.93604
shear_modulus,within_source_common,predictive_target_specific,full,row_random,23,extra_trees,13021,-11492532426.407942,8269096841.813606,-28776433392.3962,17283900965.98826
shear_modulus,within_source_common,predictive_target_specific,full,row_random,23,hist_gradient_boosting,13021,-2123685719.8836083,7273510586.213048,-884180573.0070058,-1239505146.8766026
shear_modulus,within_source_common,predictive_target_specific,full,row_random,37,ridge,13021,-1.24271385814087,12879851546.883469,-3.607305182480234,2.3645913243393637
shear_modulus,within_source_common,predictive_target_specific,full,row_random,37,random_forest,13021,-0.3658772260494618,703080100.3547441,-349.1392229229472,348.7733456968977
shear_modulus,within_source_common,predictive_target_specific,full,row_random,37,extra_trees,13021,-70.61562517088439,8692500108.309574,-124.50390257907014,53.88827740818576
shear_modulus,within_source_common,predictive_target_specific,full,row_random,37,hist_gradient_boosting,13021,-10.13114215137702,7398308160.897694,-4.832488406549032,-5.2986537448279885
shear_modulus,within_source_common,predictive_target_specific,full,reduced_composition_group,11,ridge,13021,-0.000472550106213,23979920353.53631,-0.0004920497600161,1.9499653803123373e-05
shear_modulus,within_source_common,predictive_target_specific,full,reduced_composition_group,11,random_forest,13021,-0.0106785283339521,26567988548.75764,-0.0024665086399218,-0.0082120196940302
shear_modulus,within_source_common,predictive_target_specific,full,reduced_composition_group,11,extra_trees,13021,-0.0010320873107736,22674966509.785946,-0.0018090787206827,0.0007769914099091
shear_modulus,within_source_common,predictive_target_specific,full,reduced_composition_group,11,hist_gradient_boosting,13021,-0.0005648818441537,23479657896.76908,-0.0004625327151709,-0.0001023491289827
shear_modulus,within_source_common,predictive_target_specific,full,reduced_composition_group,23,ridge,13021,-0.0004909311694731,25759547233.77612,-0.0004694912461992,-2.1439923273895267e-05
shear_modulus,within_source_common,predictive_target_specific,full,reduced_composition_group,23,random_forest,13021,-0.002848715950273,24829670030.384487,-0.0040016765948357,0.0011529606445627
shear_modulus,within_source_common,predictive_target_specific,full,reduced_composition_group,23,extra_trees,13021,-0.0004684513883466,24156417493.74852,-0.0014643779407849,0.0009959265524383
shear_modulus,within_source_common,predictive_target_specific,full,reduced_composition_group,23,hist_gradient_boosting,13021,-0.0004440872167019,24871615575.050278,-0.0004435856127088,-5.016039930749836e-07
shear_modulus,within_source_common,predictive_target_specific,full,reduced_composition_group,37,ridge,13021,-419.0673699507439,12190458019.26413,-708.070436018125,289.00306606738104
shear_modulus,within_source_common,predictive_target_specific,full,reduced_composition_group,37,random_forest,13021,-581167.1925892386,26154814909.53984,-75426.93534238773,-505740.2572468509
shear_modulus,within_source_common,predictive_target_specific,full,reduced_composition_group,37,extra_trees,13021,-20603.84321890925,9127820752.892113,-45416.42007915592,24812.57686024667
shear_modulus,within_source_common,predictive_target_specific,full,reduced_composition_group,37,hist_gradient_boosting,13021,-5160.862737876781,7638012526.869922,-1501.3787417830945,-3659.483996093686
shear_modulus,within_source_common,predictive_target_specific,full,chemical_system_group,11,ridge,13021,-0.0070778951431267,19170690472.538746,-0.0102025660401578,0.003124670897031
shear_modulus,within_source_common,predictive_target_specific,full,chemical_system_group,11,random_forest,13021,-3.835529198670012,24273754422.65777,-0.8916586416638282,-2.943870557006184
shear_modulus,within_source_common,predictive_target_specific,full,chemical_system_group,11,extra_trees,13021,-0.0352747052240463,9598083769.657494,-0.2894077115435411,0.2541330063194948
shear_modulus,within_source_common,predictive_target_specific,full,chemical_system_group,11,hist_gradient_boosting,13021,-0.012178236940711,11465776147.8382,-0.0146105353323003,0.0024322983915892
shear_modulus,within_source_common,predictive_target_specific,full,chemical_system_group,23,ridge,13021,-0.0069503186304484,19076955430.286938,-0.0088301185835619,0.0018797999531134
shear_modulus,within_source_common,predictive_target_specific,full,chemical_system_group,23,random_forest,13021,-3.1693934853217645,21602890007.04382,-1.1495433543038596,-2.019850131017905
shear_modulus,within_source_common,predictive_target_specific,full,chemical_system_group,23,extra_trees,13021,-2.0668591519099224,20050621100.24017,-0.4441199396066144,-1.622739212303308
shear_modulus,within_source_common,predictive_target_specific,full,chemical_system_group,23,hist_gradient_boosting,13021,-0.0275548511659675,12721908745.858587,-0.0148881321937489,-0.0126667189722185
shear_modulus,within_source_common,predictive_target_specific,full,chemical_system_group,37,ridge,13021,-0.1537349433709041,12522247042.08714,-0.3329056630630592,0.1791707196921551
shear_modulus,within_source_common,predictive_target_specific,full,chemical_system_group,37,random_forest,13021,-0.2487586730756776,1764564657.0875237,-43.298325938527896,43.04956726545222
shear_modulus,within_source_common,predictive_target_specific,full,chemical_system_group,37,extra_trees,13021,-0.5532957066529203,3834877341.697128,-10.84671725289628,10.29342154624336
shear_modulus,within_source_common,predictive_target_specific,full,chemical_system_group,37,hist_gradient_boosting,13021,-0.5989333360467466,5884278824.256481,-0.5142742318790007,-0.0846591041677459
